{
  "model": "CSP + LDA",
  "csp_strategy": "one_vs_rest",
  "csp_components_per_class": 4,
  "feature_shapes": {
    "train": [
      259,
      16
    ],
    "valid": [
      29,
      16
    ],
    "test": [
      288,
      16
    ]
  },
  "metrics": {
    "train": {
      "accuracy": 0.9034749034749034,
      "precision_macro": 0.9114832535885167,
      "recall_macro": 0.9036057692307693,
      "f1_macro": 0.9046048232833366,
      "precision_weighted": 0.9119543330069646,
      "recall_weighted": 0.9034749034749034,
      "f1_weighted": 0.9047880741178559,
      "confusion_matrix": [
        [
          54,
          0,
          8,
          3
        ],
        [
          0,
          60,
          4,
          1
        ],
        [
          2,
          0,
          60,
          2
        ],
        [
          1,
          0,
          4,
          60
        ]
      ],
      "classification_report": {
        "left_hand": {
          "precision": 0.9473684210526315,
          "recall": 0.8307692307692308,
          "f1-score": 0.8852459016393442,
          "support": 65.0
        },
        "right_hand": {
          "precision": 1.0,
          "recall": 0.9230769230769231,
          "f1-score": 0.96,
          "support": 65.0
        },
        "feet": {
          "precision": 0.7894736842105263,
          "recall": 0.9375,
          "f1-score": 0.8571428571428571,
          "support": 64.0
        },
        "tongue": {
          "precision": 0.9090909090909091,
          "recall": 0.9230769230769231,
          "f1-score": 0.916030534351145,
          "support": 65.0
        },
        "accuracy": 0.9034749034749034,
        "macro avg": {
          "precision": 0.9114832535885167,
          "recall": 0.9036057692307693,
          "f1-score": 0.9046048232833366,
          "support": 259.0
        },
        "weighted avg": {
          "precision": 0.9119543330069646,
          "recall": 0.9034749034749034,
          "f1-score": 0.9047880741178559,
          "support": 259.0
        }
      },
      "predicted_labels": [
        2,
        2,
        0,
        3,
        1,
        0,
        0,
        1,
        2,
        2,
        3,
        1,
        1,
        3,
        2,
        2,
        2,
        0,
        2,
        3,
        3,
        2,
        0,
        2,
        1,
        2,
        1,
        0,
        1,
        0,
        2,
        1,
        1,
        1,
        1,
        2,
        2,
        3,
        3,
        1,
        1,
        3,
        0,
        2,
        0,
        2,
        3,
        2,
        2,
        1,
        3,
        2,
        2,
        2,
        2,
        3,
        3,
        3,
        0,
        0,
        3,
        3,
        3,
        1,
        3,
        1,
        1,
        1,
        1,
        2,
        3,
        1,
        0,
        1,
        3,
        2,
        1,
        1,
        3,
        1,
        3,
        2,
        3,
        1,
        0,
        2,
        3,
        3,
        2,
        2,
        1,
        3,
        3,
        3,
        1,
        0,
        3,
        3,
        1,
        1,
        1,
        3,
        1,
        0,
        1,
        2,
        0,
        0,
        0,
        0,
        0,
        3,
        3,
        1,
        1,
        2,
        3,
        1,
        2,
        2,
        2,
        3,
        1,
        2,
        2,
        0,
        0,
        0,
        2,
        2,
        0,
        1,
        2,
        3,
        3,
        1,
        3,
        1,
        0,
        0,
        2,
        2,
        3,
        0,
        1,
        3,
        2,
        2,
        3,
        2,
        1,
        2,
        2,
        3,
        3,
        1,
        1,
        1,
        2,
        3,
        2,
        2,
        3,
        0,
        0,
        0,
        0,
        3,
        0,
        0,
        2,
        2,
        0,
        3,
        2,
        2,
        0,
        3,
        0,
        2,
        3,
        2,
        3,
        1,
        2,
        1,
        2,
        1,
        2,
        3,
        1,
        3,
        2,
        1,
        3,
        0,
        0,
        0,
        0,
        3,
        1,
        2,
        2,
        2,
        1,
        2,
        3,
        1,
        2,
        3,
        1,
        0,
        0,
        1,
        1,
        0,
        1,
        0,
        3,
        3,
        2,
        0,
        0,
        3,
        0,
        0,
        2,
        0,
        0,
        3,
        3,
        2,
        1,
        0,
        1,
        0,
        2,
        3,
        3,
        0,
        0,
        2,
        0,
        2,
        3,
        0,
        2,
        2,
        0,
        2,
        3,
        1,
        2,
        3,
        2,
        2,
        1,
        3,
        2
      ]
    },
    "valid": {
      "accuracy": 0.7586206896551724,
      "precision_macro": 0.8087301587301587,
      "recall_macro": 0.7589285714285714,
      "f1_macro": 0.749702380952381,
      "precision_weighted": 0.8015325670498086,
      "recall_weighted": 0.7586206896551724,
      "f1_weighted": 0.7468390804597701,
      "confusion_matrix": [
        [
          6,
          0,
          1,
          0
        ],
        [
          0,
          3,
          3,
          1
        ],
        [
          1,
          0,
          6,
          1
        ],
        [
          0,
          0,
          0,
          7
        ]
      ],
      "classification_report": {
        "left_hand": {
          "precision": 0.8571428571428571,
          "recall": 0.8571428571428571,
          "f1-score": 0.8571428571428571,
          "support": 7.0
        },
        "right_hand": {
          "precision": 1.0,
          "recall": 0.42857142857142855,
          "f1-score": 0.6,
          "support": 7.0
        },
        "feet": {
          "precision": 0.6,
          "recall": 0.75,
          "f1-score": 0.6666666666666666,
          "support": 8.0
        },
        "tongue": {
          "precision": 0.7777777777777778,
          "recall": 1.0,
          "f1-score": 0.875,
          "support": 7.0
        },
        "accuracy": 0.7586206896551724,
        "macro avg": {
          "precision": 0.8087301587301587,
          "recall": 0.7589285714285714,
          "f1-score": 0.749702380952381,
          "support": 29.0
        },
        "weighted avg": {
          "precision": 0.8015325670498086,
          "recall": 0.7586206896551724,
          "f1-score": 0.7468390804597701,
          "support": 29.0
        }
      },
      "predicted_labels": [
        2,
        3,
        1,
        0,
        3,
        2,
        1,
        3,
        2,
        0,
        2,
        2,
        2,
        2,
        0,
        2,
        3,
        2,
        3,
        2,
        0,
        1,
        3,
        0,
        3,
        0,
        3,
        3,
        0
      ]
    },
    "test": {
      "accuracy": 0.8159722222222222,
      "precision_macro": 0.8247658096560387,
      "recall_macro": 0.8159722222222222,
      "f1_macro": 0.8177652603655472,
      "precision_weighted": 0.8247658096560387,
      "recall_weighted": 0.8159722222222222,
      "f1_weighted": 0.8177652603655472,
      "confusion_matrix": [
        [
          65,
          0,
          6,
          1
        ],
        [
          0,
          59,
          10,
          3
        ],
        [
          5,
          3,
          58,
          6
        ],
        [
          2,
          5,
          12,
          53
        ]
      ],
      "classification_report": {
        "left_hand": {
          "precision": 0.9027777777777778,
          "recall": 0.9027777777777778,
          "f1-score": 0.9027777777777778,
          "support": 72.0
        },
        "right_hand": {
          "precision": 0.8805970149253731,
          "recall": 0.8194444444444444,