{
  "train": {
    "accuracy": 0.5714285714285714,
    "precision_macro": 0.711563255439162,
    "recall_macro": 0.5728365384615385,
    "f1_macro": 0.5478205317214605,
    "precision_weighted": 0.71272389000028,
    "recall_weighted": 0.5714285714285714,
    "f1_weighted": 0.5477293809890006,
    "confusion_matrix": [
      [
        18,
        2,
        42,
        3
      ],
      [
        1,
        20,
        32,
        12
      ],
      [
        0,
        1,
        60,
        3
      ],
      [
        1,
        2,
        12,
        50
      ]
    ],
    "classification_report": {
      "left_hand": {
        "precision": 0.9,
        "recall": 0.27692307692307694,
        "f1-score": 0.4235294117647059,
        "support": 65.0
      },
      "right_hand": {
        "precision": 0.8,
        "recall": 0.3076923076923077,
        "f1-score": 0.4444444444444444,
        "support": 65.0
      },
      "feet": {
        "precision": 0.410958904109589,
        "recall": 0.9375,
        "f1-score": 0.5714285714285714,
        "support": 64.0
      },
      "tongue": {
        "precision": 0.7352941176470589,
        "recall": 0.7692307692307693,
        "f1-score": 0.7518796992481203,
        "support": 65.0
      },
      "accuracy": 0.5714285714285714,
      "macro avg": {
        "precision": 0.711563255439162,
        "recall": 0.5728365384615385,
        "f1-score": 0.5478205317214605,
        "support": 259.0
      },
      "weighted avg": {
        "precision": 0.71272389000028,
        "recall": 0.5714285714285714,
        "f1-score": 0.5477293809890006,
        "support": 259.0
      }
    },
    "predicted_labels": [
      2,
      2,
      2,
      3,
      1,
      2,
      0,
      1,
      2,
      2,
      3,
      2,
      3,
      3,
      2,
      2,
      2,
      0,
      1,
      3,
      3,
      2,
      2,
      2,
      2,
      2,
      3,
      2,
      2,
      0,
      2,
      1,
      3,
      1,
      2,
      2,
      1,
      3,
      3,
      1,
      2,
      3,
      0,
      2,
      0,
      2,
      3,
      2,
      2,
      2,
      1,
      2,
      2,
      3,
      2,
      3,
      3,
      3,
      2,
      0,
      3,
      3,
      2,
      3,
      3,
      1,
      1,
      2,
      1,
      2,
      2,
      1,
      2,
      2,
      3,
      2,
      2,
      2,
      3,
      2,
      3,
      2,
      3,
      1,
      0,
      2,
      3,
      3,
      2,
      2,
      2,
      3,
      3,
      3,
      2,
      2,
      3,
      3,
      2,
      2,
      3,
      2,
      2,
      2,
      1,
      2,
      2,
      2,
      2,
      0,
      0,
      3,
      2,
      1,
      2,
      2,
      2,
      3,
      2,
      2,
      0,
      3,
      2,
      2,
      2,
      2,
      0,
      0,
      1,
      2,
      2,
      2,
      0,
      3,
      3,
      2,
      0,
      2,
      2,
      2,
      2,
      2,
      3,
      2,
      3,
      3,
      2,
      2,
      2,
      2,
      2,
      2,
      3,
      3,
      2,
      3,
      1,
      1,
      3,
      3,
      2,
      2,
      2,
      2,
      2,
      0,
      2,
      3,
      0,
      2,
      2,
      2,
      2,
      3,
      2,
      2,
      2,
      3,
      2,
      2,
      3,
      2,
      3,
      1,
      2,
      1,
      2,
      1,
      2,
      2,
      3,
      3,
      2,
      2,
      3,
      2,
      2,
      2,
      2,
      3,
      2,
      2,
      2,
      2,
      3,
      1,
      1,
      2,
      2,
      3,
      2,
      2,
      2,
      2,
      1,
      0,
      2,
      2,
      3,
      3,
      2,
      2,
      0,
      3,
      2,
      2,
      2,
      2,
      2,
      3,
      3,
      2,
      1,
      0,
      2,
      2,
      3,
      3,
      3,
      3,
      2,
      2,
      2,
      3,
      3,
      2,
      2,
      2,
      2,
      2,
      2,
      0,
      2,
      3,
      2,
      2,
      2,
      2,
      2
    ]
  },
  "valid": {
    "accuracy": 0.4827586206896552,
    "precision_macro": 0.5954861111111112,
    "recall_macro": 0.46875,
    "f1_macro": 0.4375,
    "precision_weighted": 0.5900383141762452,
    "recall_weighted": 0.4827586206896552,
    "f1_weighted": 0.44252873563218387,
    "confusion_matrix": [
      [
        2,
        0,
        3,
        2
      ],
      [
        0,
        1,
        4,
        2
      ],
      [
        0,
        0,
        7,
        1
      ],
      [
        0,
        1,
        2,
        4
      ]
    ],
    "classification_report": {
      "left_hand": {
        "precision": 1.0,
        "recall": 0.2857142857142857,
        "f1-score": 0.4444444444444444,
        "support": 7.0
      },
      "right_hand": {
        "precision": 0.5,
        "recall": 0.14285714285714285,
        "f1-score": 0.2222222222222222,
        "support": 7.0
      },
      "feet": {
        "precision": 0.4375,
        "recall": 0.875,
        "f1-score": 0.5833333333333334,
        "support": 8.0
      },
      "tongue": {
        "precision": 0.4444444444444444,
        "recall": 0.5714285714285714,
        "f1-score": 0.5,
        "support": 7.0
      },
      "accuracy": 0.4827586206896552,
      "macro avg": {
        "precision": 0.5954861111111112,
        "recall": 0.46875,
        "f1-score": 0.4375,
        "support": 29.0
      },
      "weighted avg": {
        "precision": 0.5900383141762452,
        "recall": 0.4827586206896552,
        "f1-score": 0.44252873563218387,
        "support": 29.0
      }
    },
    "predicted_labels": [
      2,
      2,
      2,
      2,
      3,
      2,
      1,
      2,
      2,
      0,
      3,
      2,
      2,
      2,
      2,
      2,
      3,
      2,
      3,
      2,
      2,
      3,
      3,
      2,
      3,
      0,
      1,
      3,
      3
    ]
  },
  "test": {
    "accuracy": 0.46875,
    "precision_macro": 0.6641803086311096,
    "recall_macro": 0.46875,
    "f1_macro": 0.43608428948502476,
    "precision_weighted": 0.6641803086311096,
    "recall_weighted": 0.46875,
    "f1_weighted": 0.43608428948502476,
    "confusion_matrix": [
      [
        17,
        0,
        54,
        1
      ],
      [
        1,
        10,
        48,
        13
      ],
      [
        1,
        1,
        60,
        10
      ],
      [
        0,
        2,
        22,
        48
      ]
    ],
    "classification_report": {
      "left_hand": {
        "precision": 0.8947368421052632,
        "recall": 0.2361111111111111,
        "f1-score": 0.37362637362637363,
        "support": 72.0
      },
      "right_hand": {
        "precision": 0.7692307692307693,
        "recall": 0.1388888888888889,
        "f1-score": 0.23529411764705882,
        "support": 72.0
      },
      "feet": {
        "precision": 0.32608695652173914,
        "recall": 0.8333333333333334,
        "f1-score": 0.46875,
        "support": 72.0
      },
      "tongue": {
        "precision": 0.6666666666666666,
        "recall": 0.6666666666666666,
        "f1-score": 0.6666666666666666,
        "support": 72.0
      },
      "accuracy": 0.46875,
      "macro avg": {
        "precision": 0.6641803086311096,
        "recall": 0.46875,
        "f1-score": 0.43608428948502476,
        "support": 288.0
      },
      "weighted avg": {
        "precision": 0.6641803086311096,
        "recall": 0.46875,
        "f1-score": 0.43608428948502476,
        "support": 288.0
      }
    },