{
  "train": {
    "accuracy": 0.5752895752895753,
    "precision_macro": 0.6290480680015564,
    "recall_macro": 0.5763264513264513,
    "f1_macro": 0.555363797952063,
    "precision_weighted": 0.6285847989628182,
    "recall_weighted": 0.5752895752895753,
    "f1_weighted": 0.5543927241939517,
    "confusion_matrix": [
      [
        50,
        1,
        11,
        1
      ],
      [
        13,
        13,
        35,
        4
      ],
      [
        15,
        1,
        49,
        1
      ],
      [
        6,
        6,
        16,
        37
      ]
    ],
    "classification_report": {
      "left_hand": {
        "precision": 0.5952380952380952,
        "recall": 0.7936507936507936,
        "f1-score": 0.6802721088435374,
        "support": 63.0
      },
      "right_hand": {
        "precision": 0.6190476190476191,
        "recall": 0.2,
        "f1-score": 0.3023255813953488,
        "support": 65.0
      },
      "feet": {
        "precision": 0.44144144144144143,
        "recall": 0.7424242424242424,
        "f1-score": 0.5536723163841808,
        "support": 66.0
      },
      "tongue": {
        "precision": 0.8604651162790697,
        "recall": 0.5692307692307692,
        "f1-score": 0.6851851851851852,
        "support": 65.0
      },
      "accuracy": 0.5752895752895753,
      "macro avg": {
        "precision": 0.6290480680015564,
        "recall": 0.5763264513264513,
        "f1-score": 0.555363797952063,
        "support": 259.0
      },
      "weighted avg": {
        "precision": 0.6285847989628182,
        "recall": 0.5752895752895753,
        "f1-score": 0.5543927241939517,
        "support": 259.0
      }
    },
    "predicted_labels": [
      2,
      0,
      3,
      0,
      2,
      1,
      0,
      0,
      2,
      2,
      2,
      2,
      2,
      2,
      2,
      0,
      1,
      3,
      2,
      0,
      2,
      1,
      0,
      0,
      1,
      0,
      2,
      0,
      0,
      0,
      0,
      0,
      3,
      2,
      2,
      2,
      0,
      0,
      2,
      2,
      3,
      2,
      2,
      0,
      3,
      3,
      2,
      0,
      0,
      2,
      0,
      2,
      2,
      2,
      2,
      3,
      2,
      0,
      2,
      2,
      2,
      2,
      0,
      3,
      2,
      0,
      0,
      0,
      0,
      2,
      2,
      0,
      2,
      0,
      2,
      3,
      3,
      0,
      2,
      0,
      0,
      2,
      0,
      3,
      2,
      3,
      2,
      0,
      0,
      0,
      3,
      2,
      0,
      2,
      1,
      0,
      2,
      2,
      0,
      2,
      2,
      0,
      2,
      0,
      2,
      3,
      1,
      3,
      2,
      1,
      1,
      2,
      2,
      1,
      0,
      2,
      2,
      0,
      2,
      2,
      2,
      0,
      2,
      2,
      2,
      3,
      2,
      3,
      3,
      2,
      0,
      3,
      2,
      0,
      3,
      2,
      1,
      2,
      1,
      0,
      1,
      2,
      0,
      3,
      2,
      0,
      0,
      3,
      2,
      0,
      2,
      2,
      2,
      2,
      2,
      2,
      2,
      2,
      2,
      2,
      0,
      0,
      0,
      0,
      0,
      2,
      2,
      1,
      2,
      0,
      3,
      0,
      3,
      0,
      2,
      2,
      3,
      2,
      0,
      3,
      0,
      3,
      0,
      3,
      0,
      2,
      3,
      2,
      2,
      2,
      1,
      3,
      3,
      0,
      3,
      0,
      0,
      3,
      3,
      0,
      2,
      0,
      1,
      0,
      2,
      3,
      0,
      2,
      1,
      2,
      2,
      2,
      0,
      3,
      2,
      1,
      0,
      2,
      2,
      2,
      2,
      2,
      0,
      0,
      0,
      2,
      3,
      3,
      2,
      1,
      0,
      0,
      2,
      3,
      2,
      3,
      0,
      1,
      2,
      2,
      0,
      3,
      0,
      3,
      0,
      1,
      0,
      2,
      2,
      0,
      3,
      0,
      2,
      0,
      2,
      1,
      2,
      2,
      2
    ]
  },
  "valid": {
    "accuracy": 0.3793103448275862,
    "precision_macro": 0.45833333333333337,
    "recall_macro": 0.3551587301587301,
    "f1_macro": 0.3125,
    "precision_weighted": 0.47413793103448276,
    "recall_weighted": 0.3793103448275862,
    "f1_weighted": 0.33620689655172414,
    "confusion_matrix": [
      [
        7,
        0,
        2,
        0
      ],
      [
        2,
        0,
        5,
        0
      ],
      [
        3,
        0,
        3,
        0
      ],
      [
        0,
        4,
        2,
        1
      ]
    ],
    "classification_report": {
      "left_hand": {
        "precision": 0.5833333333333334,
        "recall": 0.7777777777777778,
        "f1-score": 0.6666666666666666,
        "support": 9.0
      },
      "right_hand": {
        "precision": 0.0,
        "recall": 0.0,
        "f1-score": 0.0,
        "support": 7.0
      },
      "feet": {
        "precision": 0.25,
        "recall": 0.5,
        "f1-score": 0.3333333333333333,
        "support": 6.0
      },
      "tongue": {
        "precision": 1.0,
        "recall": 0.14285714285714285,
        "f1-score": 0.25,
        "support": 7.0
      },
      "accuracy": 0.3793103448275862,
      "macro avg": {
        "precision": 0.45833333333333337,
        "recall": 0.3551587301587301,
        "f1-score": 0.3125,
        "support": 29.0
      },
      "weighted avg": {
        "precision": 0.47413793103448276,
        "recall": 0.3793103448275862,
        "f1-score": 0.33620689655172414,
        "support": 29.0
      }
    },
    "predicted_labels": [
      0,
      2,
      2,
      0,
      2,
      2,
      2,
      0,
      2,
      2,
      0,
      2,
      0,
      0,
      2,
      1,
      1,
      3,
      1,
      0,
      0,
      0,
      0,
      2,
      0,
      1,
      0,
      2,
      2
    ]
  },
  "test": {
    "accuracy": 0.4791666666666667,
    "precision_macro": 0.5215336027004911,
    "recall_macro": 0.4791666666666667,
    "f1_macro": 0.4421106116865351,
    "precision_weighted": 0.521533602700491,
    "recall_weighted": 0.4791666666666667,
    "f1_weighted": 0.4421106116865351,
    "confusion_matrix": [
      [
        55,
        0,
        16,
        1
      ],
      [
        17,
        7,
        41,
        7
      ],
      [
        17,
        0,
        46,
        9
      ],
      [
        11,
        6,
        25,
        30
      ]
    ],
    "classification_report": {
      "left_hand": {
        "precision": 0.55,
        "recall": 0.7638888888888888,
        "f1-score": 0.6395348837209303,
        "support": 72.0
      },
      "right_hand": {
        "precision": 0.5384615384615384,
        "recall": 0.09722222222222222,
        "f1-score": 0.16470588235294117,
        "support": 72.0
      },
      "feet": {
        "precision": 0.359375,
        "recall": 0.6388888888888888,
        "f1-score": 0.46,
        "support": 72.0
      },
      "tongue": {
        "precision": 0.6382978723404256,
        "recall": 0.4166666666666667,
        "f1-score": 0.5042016806722689,
        "support": 72.0
      },
      "accuracy": 0.4791666666666667,
      "macro avg": {
        "precision": 0.5215336027004911,
        "recall": 0.4791666666666667,
        "f1-score": 0.4421106116865351,
        "support": 288.0
      },
      "weighted avg": {
        "precision": 0.521533602700491,
        "recall": 0.4791666666666667,
        "f1-score": 0.4421106116865351,
        "support": 288.0
      }
    },