{
  "train": {
    "accuracy": 0.8648648648648649,
    "precision_macro": 0.8665870681297374,
    "recall_macro": 0.8647235576923077,
    "f1_macro": 0.864788364279113,
    "precision_weighted": 0.8666324285870822,
    "recall_weighted": 0.8648648648648649,
    "f1_weighted": 0.8648791693872568,
    "confusion_matrix": [
      [
        60,
        1,
        2,
        2
      ],
      [
        1,
        57,
        2,
        5
      ],
      [
        8,
        0,
        53,
        3
      ],
      [
        3,
        3,
        5,
        54
      ]
    ],
    "classification_report": {
      "left_hand": {
        "precision": 0.8333333333333334,
        "recall": 0.9230769230769231,
        "f1-score": 0.8759124087591241,
        "support": 65.0
      },
      "right_hand": {
        "precision": 0.9344262295081968,
        "recall": 0.8769230769230769,
        "f1-score": 0.9047619047619048,
        "support": 65.0
      },
      "feet": {
        "precision": 0.8548387096774194,
        "recall": 0.828125,
        "f1-score": 0.8412698412698413,
        "support": 64.0
      },
      "tongue": {
        "precision": 0.84375,
        "recall": 0.8307692307692308,
        "f1-score": 0.8372093023255814,
        "support": 65.0
      },
      "accuracy": 0.8648648648648649,
      "macro avg": {
        "precision": 0.8665870681297374,
        "recall": 0.8647235576923077,
        "f1-score": 0.864788364279113,
        "support": 259.0
      },
      "weighted avg": {
        "precision": 0.8666324285870822,
        "recall": 0.8648648648648649,
        "f1-score": 0.8648791693872568,
        "support": 259.0
      }
    },
    "predicted_labels": [
      0,
      2,
      0,
      3,
      1,
      0,
      0,
      1,
      2,
      2,
      3,
      2,
      3,
      3,
      0,
      2,
      2,
      0,
      1,
      3,
      3,
      2,
      0,
      2,
      1,
      2,
      1,
      0,
      1,
      0,
      2,
      1,
      1,
      1,
      1,
      2,
      0,
      3,
      3,
      1,
      1,
      3,
      0,
      2,
      0,
      2,
      3,
      2,
      0,
      1,
      2,
      2,
      2,
      3,
      2,
      3,
      3,
      3,
      2,
      0,
      3,
      3,
      2,
      1,
      3,
      1,
      1,
      1,
      1,
      2,
      3,
      1,
      0,
      1,
      3,
      2,
      1,
      1,
      3,
      1,
      0,
      2,
      3,
      1,
      0,
      2,
      3,
      3,
      2,
      2,
      1,
      3,
      3,
      1,
      1,
      0,
      3,
      3,
      1,
      1,
      3,
      3,
      1,
      0,
      1,
      0,
      0,
      0,
      0,
      0,
      0,
      3,
      3,
      1,
      1,
      2,
      2,
      1,
      2,
      2,
      0,
      3,
      1,
      0,
      2,
      0,
      0,
      0,
      2,
      2,
      0,
      2,
      3,
      3,
      3,
      1,
      0,
      1,
      2,
      0,
      0,
      3,
      3,
      0,
      3,
      3,
      2,
      2,
      2,
      2,
      1,
      0,
      3,
      3,
      2,
      1,
      1,
      1,
      3,
      3,
      2,
      2,
      3,
      0,
      0,
      0,
      0,
      3,
      0,
      0,
      2,
      2,
      0,
      3,
      0,
      2,
      0,
      3,
      0,
      2,
      3,
      0,
      3,
      1,
      2,
      1,
      2,
      1,
      0,
      0,
      1,
      1,
      2,
      1,
      3,
      0,
      0,
      0,
      0,
      3,
      1,
      2,
      2,
      2,
      1,
      0,
      3,
      1,
      2,
      3,
      1,
      0,
      0,
      1,
      1,
      0,
      1,
      0,
      3,
      3,
      2,
      0,
      0,
      3,
      0,
      0,
      2,
      0,
      0,
      3,
      3,
      2,
      1,
      0,
      1,
      0,
      0,
      3,
      3,
      3,
      1,
      2,
      0,
      0,
      3,
      0,
      2,
      2,
      0,
      1,
      3,
      1,
      2,
      3,
      2,
      0,
      1,
      1,
      2
    ]
  },
  "valid": {
    "accuracy": 0.6551724137931034,
    "precision_macro": 0.6979166666666666,
    "recall_macro": 0.6607142857142857,
    "f1_macro": 0.6609848484848485,
    "precision_weighted": 0.6910919540229884,
    "recall_weighted": 0.6551724137931034,
    "f1_weighted": 0.6554336468129571,
    "confusion_matrix": [
      [
        5,
        0,
        0,
        2
      ],
      [
        0,
        4,
        3,
        0
      ],
      [
        3,
        0,
        4,
        1
      ],
      [
        0,
        0,
        1,
        6
      ]
    ],
    "classification_report": {
      "left_hand": {
        "precision": 0.625,
        "recall": 0.7142857142857143,
        "f1-score": 0.6666666666666666,
        "support": 7.0
      },
      "right_hand": {
        "precision": 1.0,
        "recall": 0.5714285714285714,
        "f1-score": 0.7272727272727273,
        "support": 7.0
      },
      "feet": {
        "precision": 0.5,
        "recall": 0.5,
        "f1-score": 0.5,
        "support": 8.0
      },
      "tongue": {
        "precision": 0.6666666666666666,
        "recall": 0.8571428571428571,
        "f1-score": 0.75,
        "support": 7.0
      },
      "accuracy": 0.6551724137931034,
      "macro avg": {
        "precision": 0.6979166666666666,
        "recall": 0.6607142857142857,
        "f1-score": 0.6609848484848485,
        "support": 29.0
      },
      "weighted avg": {
        "precision": 0.6910919540229884,
        "recall": 0.6551724137931034,
        "f1-score": 0.6554336468129571,
        "support": 29.0
      }
    },
    "predicted_labels": [
      0,
      3,
      1,
      0,
      3,
      2,
      1,
      2,
      2,
      0,
      3,
      3,
      2,
      0,
      0,
      0,
      2,
      2,
      3,
      2,
      0,
      1,
      3,
      2,
      1,
      0,
      3,
      3,
      3
    ]
  },
  "test": {
    "accuracy": 0.7465277777777778,
    "precision_macro": 0.7575492763162077,
    "recall_macro": 0.7465277777777778,
    "f1_macro": 0.7458689053633276,
    "precision_weighted": 0.7575492763162078,
    "recall_weighted": 0.7465277777777778,
    "f1_weighted": 0.7458689053633275,
    "confusion_matrix": [
      [
        62,
        0,
        10,
        0
      ],
      [
        3,
        55,
        11,
        3
      ],
      [
        7,
        5,
        54,
        6
      ],
      [
        8,
        9,
        11,
        44
      ]
    ],
    "classification_report": {
      "left_hand": {
        "precision": 0.775,
        "recall": 0.8611111111111112,
        "f1-score": 0.8157894736842105,
        "support": 72.0
      },
      "right_hand": {
        "precision": 0.7971014492753623,
        "recall": 0.7638888888888888,
        "f1-score": 0.7801418439716312,
        "support": 72.0
      },
      "feet": {
        "precision": 0.627906976744186,
        "recall": 0.75,
        "f1-score": 0.6835443037974683,
        "support": 72.0
      },
      "tongue": {
        "precision": 0.8301886792452831,
        "recall": 0.6111111111111112,
        "f1-score": 0.704,
        "support": 72.0
      },
      "accuracy": 0.7465277777777778,
      "macro avg": {
        "precision": 0.7575492763162077,
        "recall": 0.7465277777777778,
        "f1-score": 0.7458689053633276,
        "support": 288.0
      },
      "weighted avg": {
        "precision": 0.7575492763162078,
        "recall": 0.7465277777777778,
        "f1-score": 0.7458689053633275,
        "support": 288.0
      }
    },